"caso","escala","n_emp","k_items","n_dim","metrica_tipo","umbral_coh","alpha_r","alpha_rho","alpha_mae","alpha_emp","alpha_sem","tucker_prec_r","carga_coh_r","kappa","accuracy","sensibilidad","especificidad","precision_ppv","f1"
"WLEIS","WLEIS",120,16,4,"alpha",0.506457220000162,0.320406853536913,-0.2,0.0367880488415194,0.875,0.861639983559571,-0.8626995595762,0.413835021680336,0.448275862068966,0.875,1,0.866666666666667,0.333333333333333,0.5
"DASS-21","DASS-21",448,21,3,"alpha",0.417421641434438,-0.221594557425052,-0.5,0.0829423087878774,0.786666666666667,0.846601921805667,NA,0.0268039367424862,0.236363636363637,0.80952380952381,0.5,0.842105263157895,0.25,0.333333333333333
"PANAS-C","PANAS-C",170,27,2,"alpha",0.360458123591246,NA,NA,0.0514743709072016,0.85,0.901474370907202,NA,-0.0323731497274946,0,0.518518518518518,NA,0.518518518518518,0,NA
"SWLS","SWLS",121,5,1,"alpha",0.506704877097402,NA,NA,NA,0.839,0.875345764957938,NA,0.817872292411943,0,0.8,NA,0.8,0,NA
"MBI-HSS","MBI-HSS",544,21,3,"omega",0.534216973590306,0.795505951242568,1,0.129351890446426,0.783333333333333,0.91268522377976,NA,-0.313615235412519,0,0.904761904761905,NA,0.904761904761905,0,NA
"RSES","EAR-P",797,10,1,"alpha",0.51646455601534,NA,NA,NA,0.97,0.920367439070606,NA,NA,0,0.8,NA,0.8,0,NA
"UWES-9","UWES-9",475,9,3,"alpha",0.545977573116451,0.498756904852613,0.5,0.0493338965155794,0.876666666666667,0.827332770151087,NA,0.143786581517108,0,0.444444444444444,NA,0.444444444444444,0,NA
"EAPESA","EAPESA",466,10,1,"alpha",0.569848130253076,NA,NA,NA,0.89,0.938762565733855,NA,NA,0.210526315789474,0.7,0.333333333333333,0.857142857142857,0.5,0.4
"EOIE","Intrinsic Versus Extrinsic Orientation in the Classroom (EMIE)",912,30,5,"alpha",0.5,-0.207641703698644,-0.7,0.256412716972641,0.688,0.944412716972641,NA,0.611487266451889,0.299065420560748,0.666666666666667,1,0.615384615384615,0.285714285714286,0.444444444444444
